{
  "type": "minecraft:chest",
  "pools": [
    {
      "rolls": {
        "min": 1.0,
        "max": 2.0,
        "type": "minecraft:uniform"
      },
      "entries": [
        {
          "type": "minecraft:item",
          "weight": 3,
          "functions": [
            {
              "function": "minecraft:set_count",
              "count": {
                "min": 3.0,
                "max": 4.0,
                "type": "minecraft:uniform"
              }
            }
          ],
          "name": "voyager:infused_gem_shard"
        }
      ]
    },
    {
      "rolls": {
        "min": 2.0,
        "max": 5.0,
        "type": "minecraft:uniform"
      },
      "entries": [
        {
          "type": "minecraft:item",
          "weight": 3,
          "functions": [
            {
              "function": "minecraft:set_count",
              "count": {
                "min": 2.0,
                "max": 3.0,
                "type": "minecraft:uniform"
              }
            }
          ],
          "name": "minecraft:iron_ingot"
        },
        {
          "type": "minecraft:item",
          "weight": 3,
          "functions": [
            {
              "function": "minecraft:set_count",
              "count": {
                "min": 2.0,
                "max": 4.0,
                "type": "minecraft:uniform"
              }
            }
          ],
          "name": "minecraft:gold_block"
        },
        {
          "type": "minecraft:item",
          "weight": 3,
          "functions": [
            {
              "function": "minecraft:set_count",
              "count": {
                "min": 2.0,
                "max": 3.0,
                "type": "minecraft:uniform"
              }
            }
          ],
          "name": "minecraft:gold_ingot"
        },
        {
          "type": "minecraft:item",
          "weight": 3,
          "functions": [
            {
              "function": "minecraft:set_count",
              "count": {
                "min": 2.0,
                "max": 7.0,
                "type": "minecraft:uniform"
              }
            }
          ],
          "name": "minecraft:gold_nugget"
        },
        {
          "type": "minecraft:item",
          "weight": 1,
          "functions": [
            {
              "function": "minecraft:set_count",
              "count": {
                "min": 1.0,
                "max": 3.0,
                "type": "minecraft:uniform"
              }
            }
          ],
          "name": "minecraft:diamond"
        },
        {
          "type": "minecraft:item",
          "weight": 1,
          "functions": [
            {
              "function": "minecraft:set_count",
              "count": {
                "min": 1.0,
                "max": 2.0,
                "type": "minecraft:uniform"
              }
            }
          ],
          "name": "minecraft:netherite_scrap"
        },
        {
          "type": "minecraft:item",
          "weight": 3,
          "functions": [
            {
              "function": "minecraft:set_count",
              "count": {
                "min": 3.0,
                "max": 6.0,
                "type": "minecraft:uniform"
              }
            }
          ],
          "name": "minecraft:quartz"
        },
        {
          "type": "minecraft:item",
          "weight": 3,
          "name": "minecraft:respawn_anchor"
        },
        {
          "type": "minecraft:item",
          "weight": 3,
          "name": "minecraft:music_disc_pigstep"
        },
        {
          "type": "minecraft:item",
          "weight": 1,
          "name": "minecraft:music_disc_otherside"
        }
      ]
    },
    {
      "rolls": 0,
      "bonus_rolls": 1,
      "entries": [
        {
          "name": "minecraft:pink_banner",
          "type": "minecraft:item",
          "weight": 5,
          "functions": [
            {
              "function":"set_nbt",
              "tag":"{BlockEntityTag:{Patterns:[{Pattern:cs,Color:0},{Pattern:cs,Color:0},{Pattern:cs,Color:0},{Pattern:bo,Color:3},{Pattern:bo,Color:3},{Pattern:bo,Color:3}]}}"
            }
          ]
        },
        {
          "type": "minecraft:empty",
          "weight": 47
        },
        {
          "name": "minecraft:red_banner",
          "type": "minecraft:item",
          "weight": 18,
          "functions": [
            {
              "function":"set_nbt",
              "tag":"{BlockEntityTag:{Patterns:[{Pattern:bl,Color:15},{Pattern:tr,Color:15},{Pattern:bri,Color:15},{Pattern:bri,Color:14},{Pattern:gru,Color:14},{Pattern:bo,Color:15},{Pattern:tts,Color:15},{Pattern:bts,Color:15},{Pattern:cs,Color:15},{Pattern:mr,Color:15},{Pattern:mc,Color:14},{Pattern:mc,Color:15}]}}"
            }
          ]
        },
        {
          "name": "minecraft:ender_eye",
          "type": "minecraft:item",
          "weight": 35
        }
      ]
    }
  ]
}