{
  "pools": [
    {
      "name": "main",
      "rolls": 1.0,
      "bonus_rolls": 0.0,
      "entries": [
        {
          "type": "minecraft:item",
          "weight": 6,
          "name": "artifacts:snorkel"
        },
        {
          "type": "minecraft:item",
          "weight": 1,
          "name": "artifacts:night_vision_goggles"
        },
        {
          "type": "minecraft:item",
          "weight": 6,
          "name": "artifacts:panic_necklace"
        },
        {
          "type": "minecraft:item",
          "weight": 6,
          "name": "artifacts:shock_pendant"
        },
        {
          "type": "minecraft:item",
          "weight": 6,
          "name": "artifacts:flame_pendant"
        },
        {
          "type": "minecraft:item",
          "weight": 6,
          "name": "artifacts:thorn_pendant"
        },
        {
          "type": "minecraft:item",
          "weight": 6,
          "name": "artifacts:flippers"
        },
        {
          "type": "minecraft:item",
          "weight": 3,
          "name": "artifacts:obsidian_skull"
        },
        {
          "type": "minecraft:item",
          "weight": 3,
          "name": "artifacts:fire_gauntlet"
        },
        {
          "type": "minecraft:item",
          "weight": 3,
          "name": "artifacts:feral_claws"
        },
        {
          "type": "minecraft:item",
          "weight": 6,
          "name": "artifacts:pocket_piston"
        },
        {
          "type": "minecraft:item",
          "weight": 2,
          "name": "artifacts:power_glove"
        },
        {
          "type": "minecraft:item",
          "weight": 2,
          "name": "artifacts:antidote_vessel"
        },
        {
          "type": "minecraft:item",
          "weight": 1,
          "name": "artifacts:lucky_scarf"
        },
        {
          "type": "minecraft:item",
          "weight": 1,
          "name": "artifacts:superstitious_hat"
        },
        {
          "type": "minecraft:item",
          "weight": 3,
          "name": "artifacts:digging_claws"
        },
        {
          "type": "minecraft:item",
          "weight": 3,
          "name": "artifacts:steadfast_spikes"
        },
        {
          "type": "minecraft:item",
          "weight": 6,
          "name": "artifacts:universal_attractor"
        },
        {
          "type": "minecraft:item",
          "weight": 6,
          "name": "artifacts:kitty_slippers"
        },
        {
          "type": "minecraft:item",
          "weight": 4,
          "name": "artifacts:running_shoes"
        },
        {
          "type": "minecraft:item",
          "weight": 4,
          "name": "artifacts:bunny_hoppers"
        },
        {
          "type": "minecraft:item",
          "weight": 1,
          "name": "artifacts:crystal_heart"
        },
        {
          "type": "minecraft:item",
          "weight": 6,
          "name": "artifacts:cloud_in_a_bottle"
        },
        {
          "type": "minecraft:item",
          "weight": 2,
          "name": "artifacts:vampiric_glove"
        },
        {
          "type": "minecraft:item",
          "weight": 4,
          "name": "artifacts:golden_hook"
        },
        {
          "type": "minecraft:item",
          "weight": 6,
          "name": "artifacts:charm_of_sinking"
        },
        {
          "type": "minecraft:item",
          "weight": 6,
          "name": "artifacts:aqua_dashers"
        },
        {
          "type": "minecraft:loot_table",
          "weight": 6,
          "name": "artifacts:items/drinking_hat"
        },
        {
          "type": "minecraft:item",
          "weight": 5,
          "name": "artifacts:umbrella"
        },
        {
          "type": "minecraft:item",
          "weight": 5,
          "name": "artifacts:whoopee_cushion"
        },
        {
          "type": "minecraft:item",
          "weight": 1,
          "name": "artifacts:helium_flamingo"
        },
        {
          "type": "minecraft:item",
          "weight": 2,
          "name": "artifacts:everlasting_beef"
        }
      ]
    }
  ]
}