{
  "config": {
    "targets": [
      {
        "target": {
          "tag": "minecraft:stone_ore_replaceables",
          "predicate_type": "minecraft:tag_match"
        },
        "state": {
          "Name": "gobber2:gobber2_ore"
        }
      },
      {
        "target": {
          "tag": "minecraft:deepslate_ore_replaceables",
          "predicate_type": "minecraft:tag_match"
        },
        "state": {
          "Name": "gobber2:gobber2_ore_deepslate"
        }
      }
    ],
    "size": 2,
    "discard_chance_on_air_exposure": 0.99
  },
  "type": "minecraft:ore"
}