{
  "config": {
    "targets": [
      {
        "target": {
          "tag": "minecraft:stone_ore_replaceables",
          "predicate_type": "minecraft:tag_match"
        },
        "state": {
          "Name": "techreborn:iridium_ore"
        }
      },
      {
        "target": {
          "tag": "minecraft:deepslate_ore_replaceables",
          "predicate_type": "minecraft:tag_match"
        },
        "state": {
          "Name": "techreborn:deepslate_iridium_ore"
        }
      }
    ],
    "size": 3,
    "discard_chance_on_air_exposure": 1.0
  },
  "type": "minecraft:ore"
}