{
  "type": "minecraft:crafting_shaped",
  "pattern": [
    "SFS",
    "PDP",
    "ASE"
  ],
  "key": {
    "P": {
      "item": "minecraft:prismarine_crystals"
    },
    "A": {
      "item": "winged:heart_of_the_sky"
    },
    "S": {
      "item": "botania:life_essence"
    },
    "D": {
      "tag": "botania:dragonstone_gems"
    },
    "E": {
      "item": "botania:rune_earth"
    },
    "F": {
      "tag": "botania:mundane_floating_flowers"
    }
  },
  "result": {
    "item": "botania:laputa_shard"
  }
}