{
  "type": "minecraft:chest",
  "pools": [
    {
      "rolls": 1.0,
      "bonus_rolls": 0.0,
      "entries": [
        {
          "type": "minecraft:item",
          "name": "artifacts:night_vision_goggles"
        },
        {
          "type": "minecraft:item",
          "name": "artifacts:panic_necklace"
        },
        {
          "type": "minecraft:item",
          "name": "artifacts:obsidian_skull"
        },
        {
          "type": "minecraft:item",
          "name": "artifacts:digging_claws"
        },
        {
          "type": "minecraft:item",
          "name": "artifacts:cloud_in_a_bottle"
        },
        {
          "type": "minecraft:item",
          "name": "artifacts:vampiric_glove"
        },
        {
          "type": "minecraft:item",
          "name": "artifacts:aqua_dashers"
        },
        {
          "type": "minecraft:loot_table",
          "name": "artifacts:items/drinking_hat"
        }
      ],
      "conditions": [
        {
          "condition": "artifacts:configurable_random_chance",
          "default_probability": 0.3
        }
      ]
    }
  ]
}