{
  "type": "minecraft:chest",
  "pools": [
    {
      "rolls": 1.0,
      "bonus_rolls": 0.0,
      "entries": [
        {
          "type": "minecraft:loot_table",
          "weight": 5,
          "name": "artifacts:artifact"
        },
        {
          "type": "minecraft:item",
          "weight": 1,
          "name": "artifacts:bunny_hoppers"
        },
        {
          "type": "minecraft:item",
          "weight": 1,
          "name": "artifacts:flame_pendant"
        }
      ],
      "conditions": [
        {
          "condition": "artifacts:configurable_random_chance",
          "default_probability": 0.2
        }
      ]
    }
  ]
}