{
  "type": "minecraft:chest",
  "pools": [
    {
      "rolls": 1.0,
      "bonus_rolls": 0.0,
      "entries": [
        {
          "type": "minecraft:item",
          "weight": 1,
          "name": "artifacts:flame_pendant"
        },
        {
          "type": "minecraft:item",
          "weight": 2,
          "name": "artifacts:thorn_pendant"
        },
        {
          "type": "minecraft:item",
          "weight": 2,
          "name": "artifacts:whoopee_cushion"
        },
        {
          "type": "minecraft:item",
          "weight": 2,
          "name": "artifacts:charm_of_sinking"
        },
        {
          "type": "minecraft:item",
          "name": "artifacts:shock_pendant"
        },
        {
          "type": "minecraft:item",
          "name": "artifacts:umbrella"
        },
        {
          "type": "minecraft:item",
          "name": "artifacts:universal_attractor"
        },
        {
          "type": "minecraft:item",
          "name": "artifacts:vampiric_glove"
        }
      ],
      "conditions": [
        {
          "condition": "artifacts:configurable_random_chance",
          "default_probability": 0.2
        }
      ]
    }
  ]
}