{
  "type": "minecraft:chest",
  "pools": [
    {
      "rolls": 1.0,
      "bonus_rolls": 0.0,
      "entries": [
        {
          "type": "minecraft:loot_table",
          "weight": 3,
          "name": "artifacts:artifact"
        },
        {
          "type": "minecraft:item",
          "weight": 1,
          "name": "artifacts:crystal_heart"
        },
        {
          "type": "minecraft:item",
          "name": "artifacts:cloud_in_a_bottle"
        },
        {
          "type": "minecraft:item",
          "weight": 2,
          "name": "artifacts:helium_flamingo"
        }
      ],
      "conditions": [
        {
          "condition": "artifacts:configurable_random_chance",
          "default_probability": 0.3
        }
      ]
    }
  ]
}