{
  "type": "minecraft:chest",
  "pools": [
    {
      "rolls": 1.0,
      "bonus_rolls": 0.0,
      "entries": [
        {
          "type": "minecraft:item",
          "weight": 2,
          "name": "artifacts:golden_hook"
        },
        {
          "type": "minecraft:item",
          "name": "artifacts:snorkel"
        },
        {
          "type": "minecraft:item",
          "name": "artifacts:flippers"
        },
        {
          "type": "minecraft:item",
          "weight": 4,
          "name": "artifacts:steadfast_spikes"
        },
        {
          "type": "minecraft:item",
          "name": "artifacts:universal_attractor"
        },
        {
          "type": "minecraft:item",
          "name": "artifacts:feral_claws"
        },
        {
          "type": "minecraft:item",
          "name": "artifacts:night_vision_goggles"
        },
        {
          "type": "minecraft:item",
          "name": "artifacts:running_shoes"
        },
        {
          "type": "minecraft:item",
          "name": "artifacts:charm_of_sinking"
        }
      ],
      "conditions": [
        {
          "condition": "artifacts:configurable_random_chance",
          "default_probability": 0.133
        }
      ]
    }
  ]
}