{
  "type": "minecraft:chest",
  "pools": [
    {
      "rolls": 1.0,
      "bonus_rolls": 0.0,
      "entries": [
        {
          "type": "minecraft:loot_table",
          "weight": 3,
          "name": "artifacts:artifact"
        },
        {
          "type": "minecraft:item",
          "name": "artifacts:power_glove"
        },
        {
          "type": "minecraft:item",
          "weight": 2,
          "name": "artifacts:antidote_vessel"
        },
        {
          "type": "minecraft:item",
          "name": "artifacts:superstitious_hat"
        },
        {
          "type": "minecraft:item",
          "name": "artifacts:lucky_scarf"
        },
        {
          "type": "minecraft:item",
          "name": "artifacts:aqua_dashers"
        }
      ],
      "conditions": [
        {
          "condition": "artifacts:configurable_random_chance",
          "default_probability": 0.3
        }
      ]
    }
  ]
}